{"cameraMode":{"drawMode":0,"name":"Shaded","section":"Shading Mode"},"sceneLighting":true,"audioPlay":false,"sceneViewState":{"showFog":false,"showMaterialUpdate":false,"showSkybox":true,"showFlares":false,"showImageEffects":true,"showParticleSystems":true},"in2DMode":false,"pivot":{"x":8.017130851745606,"y":-4.490891456604004,"z":5.2260637283325199},"rotation":{"x":-0.3139023780822754,"y":0.5396124720573425,"z":-0.22656233608722688,"w":-0.7476317882537842},"size":17.82265853881836,"orthographic":false}