{"cameraMode":{"drawMode":0,"name":"Shaded","section":"Shading Mode"},"sceneLighting":true,"audioPlay":false,"sceneViewState":{"showFog":false,"showMaterialUpdate":false,"showSkybox":true,"showFlares":false,"showImageEffects":true,"showParticleSystems":true},"in2DMode":false,"pivot":{"x":-21.534969329833986,"y":3.4352707862854006,"z":-17.628864288330079},"rotation":{"x":-0.11611860245466232,"y":-0.022066567093133928,"z":0.00257982243783772,"w":-0.9929869174957275},"size":4.9130730628967289,"orthographic":false}