{"cameraMode":{"drawMode":0,"name":"Shaded","section":"Shading Mode"},"sceneLighting":true,"audioPlay":false,"sceneViewState":{"showFog":false,"showMaterialUpdate":false,"showSkybox":true,"showFlares":false,"showImageEffects":true,"showParticleSystems":true},"in2DMode":false,"pivot":{"x":-0.1774967759847641,"y":-0.4593732953071594,"z":0.42987343668937685},"rotation":{"x":-0.07647939771413803,"y":0.9085263013839722,"z":-0.19109171628952027,"w":-0.3636136054992676},"size":8.215736389160157,"orthographic":false}